term,reason
11-dehydrocorticosterone,formula-or-leading-number
"1,2:5,6-dibenzanthracene",formula-or-leading-number
"1,25-dihydroxycholecalciferol",formula-or-leading-number
"1,3-diphosphoglyceric",formula-or-leading-number
17a-hydroxyprogesterone,formula-or-leading-number
17-hydroxycorticosteroid,formula-or-leading-number
"2,3-diphosphoglycerate",formula-or-leading-number
"2,4-dichlorophenoxyacetic",formula-or-leading-number
25-hydroxycholecalciferol,formula-or-leading-number
"3,4-dihydroxyphenylalanine",formula-or-leading-number
3tc,formula-or-leading-number
4-pyridoxic,formula-or-leading-number
5-bromodeoxyuridine,formula-or-leading-number
5-hydroxyindoleacetic,formula-or-leading-number
5-hydroxytryptamine,formula-or-leading-number
5-iododeoxyuridine,formula-or-leading-number
"6,8-thioctic",formula-or-leading-number
6-hydroxydopamine,formula-or-leading-number
7-dehydrocholesterol,formula-or-leading-number
8-hydroxyquinoline,formula-or-leading-number
8-methoxypsoralen,formula-or-leading-number
a1-,alphanumeric-shorthand
A1c,alphanumeric-shorthand
aa.,dotted-abbreviation
AAA,all-caps-acronym
AAAS,all-caps-acronym
AAASPS,all-caps-acronym
AABB,all-caps-acronym
AACP,all-caps-acronym
AAD,all-caps-acronym
AADP,all-caps-acronym
AADR,all-caps-acronym
AADS,all-caps-acronym
AAE,all-caps-acronym
AAFP,all-caps-acronym
AAI,all-caps-acronym
AAID,all-caps-acronym
AAIN,all-caps-acronym
AAMA,all-caps-acronym
AAMC,all-caps-acronym
AAMD,all-caps-acronym
AAMT,all-caps-acronym
AAN,all-caps-acronym
AAO,all-caps-acronym
AAOP,all-caps-acronym
AAOS,all-caps-acronym
AAP,all-caps-acronym
AAPA,all-caps-acronym
AAPB,all-caps-acronym
AAPMR,all-caps-acronym
AARC,all-caps-acronym
AAT,all-caps-acronym
AAV,all-caps-acronym
A.B.,dotted-abbreviation
ABC,all-caps-acronym
A.B.C.,dotted-abbreviation
ABCD,all-caps-acronym
ABE,all-caps-acronym
ABF,all-caps-acronym
ABP,all-caps-acronym
ABR,all-caps-acronym
abs.,dotted-abbreviation
ABVD,all-caps-acronym
a.c.,dotted-abbreviation
ACB,all-caps-acronym
ACC,all-caps-acronym
ACCP,all-caps-acronym
ACD,all-caps-acronym
ACE,all-caps-acronym
ACEP,all-caps-acronym
ACFS,all-caps-acronym
ACI,all-caps-acronym
ACIS,all-caps-acronym
ACIT,all-caps-acronym
ACMI,all-caps-acronym
ACNM,all-caps-acronym
ACOG,all-caps-acronym
ACOM,all-caps-acronym
ACP,all-caps-acronym
ACR,all-caps-acronym
ACRM,all-caps-acronym
ACS,all-caps-acronym
ACSM,all-caps-acronym
ACST,all-caps-acronym
A.D.,dotted-abbreviation
ADA,all-caps-acronym
ADAMHA,all-caps-acronym
ADCC,all-caps-acronym
add.,dotted-abbreviation
adduct1,alphanumeric-shorthand
adduct2,alphanumeric-shorthand
ADH,all-caps-acronym
ADHD,all-caps-acronym
Adhib.,dotted-abbreviation
ADICOL,all-caps-acronym
ADK,all-caps-acronym
ADL,all-caps-acronym
admov.,dotted-abbreviation
ADP,all-caps-acronym
ADS,all-caps-acronym
adst.,dotted-abbreviation
Adv.,dotted-abbreviation
A-E,all-caps-acronym
AEC,all-caps-acronym
AECD,all-caps-acronym
AED,all-caps-acronym
Aeg.,dotted-abbreviation
AEP,all-caps-acronym
aeq.,dotted-abbreviation
aet.,dotted-abbreviation
AFCR,all-caps-acronym
aff.,dotted-abbreviation
AFO,all-caps-acronym
AFP,all-caps-acronym
AFS,all-caps-acronym
AGA,all-caps-acronym
AGCT,all-caps-acronym
AGEPC,all-caps-acronym
AGF,all-caps-acronym
aggred.,dotted-abbreviation
AGI,all-caps-acronym
Agit.,dotted-abbreviation
AGS,all-caps-acronym
AGT,all-caps-acronym
AGTH,all-caps-acronym
AGV,all-caps-acronym
AHA,all-caps-acronym
AHCPR,all-caps-acronym
AHG,all-caps-acronym
AHP,all-caps-acronym
AHS,all-caps-acronym
AICD,all-caps-acronym
AIDS,all-caps-acronym
AIH,all-caps-acronym
AIHA,all-caps-acronym
AII,all-caps-acronym
AIIS,all-caps-acronym
AILD,all-caps-acronym
AIP,all-caps-acronym
AIUM,all-caps-acronym
ALAS,all-caps-acronym
ALG,all-caps-acronym
ALLHAT,all-caps-acronym
alpha1,alphanumeric-shorthand
alpha1-antitrypsin,alphanumeric-shorthand
alpha2,alphanumeric-shorthand
alv.,dotted-abbreviation
a.m.,dotted-abbreviation
AMCI,all-caps-acronym
AMISTAD,all-caps-acronym
AML,all-caps-acronym
amp.,dotted-abbreviation
AMRA,all-caps-acronym
AMRL,all-caps-acronym
ams.,dotted-abbreviation
AMSA,all-caps-acronym
AMWA,all-caps-acronym
anat.,dotted-abbreviation
ANF,all-caps-acronym
ANOVA,all-caps-acronym
ANTU,all-caps-acronym
ANUG,all-caps-acronym
AOA,all-caps-acronym
AOMA,all-caps-acronym
AOO,all-caps-acronym
AOP,all-caps-acronym
AORN,all-caps-acronym
AOS,all-caps-acronym
AOTA,all-caps-acronym
APA,all-caps-acronym
APB,all-caps-acronym
APD,all-caps-acronym
APE,all-caps-acronym
APIM,all-caps-acronym
APL,all-caps-acronym
APS,all-caps-acronym
APTA,all-caps-acronym
Aq.,dotted-abbreviation
ARB,all-caps-acronym
arg.,dotted-abbreviation
ARMD,all-caps-acronym
AROA,all-caps-acronym
ARRS,all-caps-acronym
arsenic1,alphanumeric-shorthand
arsenic2,alphanumeric-shorthand
ARVO,all-caps-acronym
A.S.,dotted-abbreviation
ASAS,all-caps-acronym
ASAT,all-caps-acronym
ASB,all-caps-acronym
ASCH,all-caps-acronym
ASCLT,all-caps-acronym
ASCP,all-caps-acronym
ASCVD,all-caps-acronym
ASD,all-caps-acronym
ASF,all-caps-acronym
ASGE,all-caps-acronym
ASHA,all-caps-acronym
ASHD,all-caps-acronym
ASHP,all-caps-acronym
ASII,all-caps-acronym
ASIM,all-caps-acronym
ASL,all-caps-acronym
ASM,all-caps-acronym
ASN,all-caps-acronym
ASO,all-caps-acronym
ASP,all-caps-acronym
ASPECTS,all-caps-acronym
ASPET,all-caps-acronym
ASRT,all-caps-acronym
ASS,all-caps-acronym
ASSI,all-caps-acronym
at.,dotted-abbreviation
ATAC,all-caps-acronym
ATCC,all-caps-acronym
ATD,all-caps-acronym
ATG,all-caps-acronym
ATIII,all-caps-acronym
ATIR,all-caps-acronym
ATL,all-caps-acronym
ATNAA,all-caps-acronym
ATP,all-caps-acronym
ATS,all-caps-acronym
ATSDR,all-caps-acronym
AUA,all-caps-acronym
AUL,all-caps-acronym
AVEED,all-caps-acronym
AVI,all-caps-acronym
AVLB,all-caps-acronym
AVMA,all-caps-acronym
AVN,all-caps-acronym
AVP,all-caps-acronym
AVRT,all-caps-acronym
AVT,all-caps-acronym
AWBAT,all-caps-acronym
AWP,all-caps-acronym
ax.,dotted-abbreviation
AXI,all-caps-acronym
AZQ,all-caps-acronym
B12,alphanumeric-shorthand
B12a,alphanumeric-shorthand
b1C,alphanumeric-shorthand
b1E,alphanumeric-shorthand
b1F,alphanumeric-shorthand
b1H,alphanumeric-shorthand
b2-microglobulin,alphanumeric-shorthand
BACOP,all-caps-acronym
Bact.,dotted-abbreviation
BADS,all-caps-acronym
BAEP,all-caps-acronym
BAN,all-caps-acronym
BAP,all-caps-acronym
BARI,all-caps-acronym
BATO,all-caps-acronym
BBB,all-caps-acronym
BBBB,all-caps-acronym
BBr.,dotted-abbreviation
BBT,all-caps-acronym
BCAA,all-caps-acronym
BCDF,all-caps-acronym
BCF,all-caps-acronym
BCGF,all-caps-acronym
BCI,all-caps-acronym
BCP,all-caps-acronym
b.d.,dotted-abbreviation
BDA,all-caps-acronym
BDP,all-caps-acronym
BDS,all-caps-acronym
BEBIG,all-caps-acronym
benzo[a,formula-or-bracket-notation
beta2,alphanumeric-shorthand
BFP,all-caps-acronym
BFU,all-caps-acronym
BGC,all-caps-acronym
BHA,all-caps-acronym
BHCDA,all-caps-acronym
BHPR,all-caps-acronym
BHRD,all-caps-acronym
BHT,all-caps-acronym
b.i.d.,dotted-abbreviation
bih.,dotted-abbreviation
BIOPATCH,all-caps-acronym
BioZ.pc,dotted-abbreviation
BKV,all-caps-acronym
BLA,all-caps-acronym
BLAM,all-caps-acronym
blast1,alphanumeric-shorthand
blast2,alphanumeric-shorthand
BLB,all-caps-acronym
BLU,all-caps-acronym
BMA,all-caps-acronym
BMD,all-caps-acronym
BMR,all-caps-acronym
BMS,all-caps-acronym
BNA,all-caps-acronym
BNP,all-caps-acronym
BOA,all-caps-acronym
Bol.,dotted-abbreviation
BOPP,all-caps-acronym
BPA,all-caps-acronym
BPH,all-caps-acronym
BPIG,all-caps-acronym
BPO,all-caps-acronym
BPPV,all-caps-acronym
BRCA,all-caps-acronym
BRK,all-caps-acronym
B.R.S.,dotted-abbreviation
B.S.,dotted-abbreviation
BSA,all-caps-acronym
BSGI,all-caps-acronym
BSO,all-caps-acronym
BSP,all-caps-acronym
BTA,all-caps-acronym
BTE,all-caps-acronym
BTGC,all-caps-acronym
BTU,all-caps-acronym
BUN,all-caps-acronym
But.,dotted-abbreviation
BVAD,all-caps-acronym
C2a,alphanumeric-shorthand
C3a,alphanumeric-shorthand
C3b,alphanumeric-shorthand
C3d,alphanumeric-shorthand
C3PA,alphanumeric-shorthand
C3PAase,alphanumeric-shorthand
C4a,alphanumeric-shorthand
C4b,alphanumeric-shorthand
C5a,alphanumeric-shorthand
C5b,alphanumeric-shorthand
C5b67,alphanumeric-shorthand
C5b678,alphanumeric-shorthand
C5b6789,alphanumeric-shorthand
CA2,alphanumeric-shorthand
CAAT,all-caps-acronym
CABG,all-caps-acronym
CAC,all-caps-acronym
CAD,all-caps-acronym
CAH,all-caps-acronym
CAIS,all-caps-acronym
Calef.,dotted-abbreviation
CAM,all-caps-acronym
CAPRIE,all-caps-acronym
CAPTEN,all-caps-acronym
CAR,all-caps-acronym
CARISA,all-caps-acronym
CAT,all-caps-acronym
CAVB,all-caps-acronym
CBD,all-caps-acronym
CBF,all-caps-acronym
CBG,all-caps-acronym
CBS,all-caps-acronym
CBT,all-caps-acronym
CCAT,all-caps-acronym
CCD,all-caps-acronym
CCF,all-caps-acronym
CCK,all-caps-acronym
CCP,all-caps-acronym
CCSAS,all-caps-acronym
CCSC,all-caps-acronym
CCU,all-caps-acronym
CD3,alphanumeric-shorthand
CD50,alphanumeric-shorthand
CDC,all-caps-acronym
CDI,all-caps-acronym
CDIS,all-caps-acronym
CDP,all-caps-acronym
CEF,all-caps-acronym
CELL,all-caps-acronym
CELO,all-caps-acronym
CEP,all-caps-acronym
CESD,all-caps-acronym
CET,all-caps-acronym
CFT,all-caps-acronym
CFU,all-caps-acronym
C.F.W.,dotted-abbreviation
CGD,all-caps-acronym
CGF,all-caps-acronym
CGI,all-caps-acronym
C.G.M.S.,dotted-abbreviation
CH50,alphanumeric-shorthand
CHAI,all-caps-acronym
CHD,all-caps-acronym
CHF,all-caps-acronym
CHL,all-caps-acronym
CHO,all-caps-acronym
CHOP,all-caps-acronym
CHS,all-caps-acronym
cib.,dotted-abbreviation
CIBA,all-caps-acronym
CIE,all-caps-acronym
CIF,all-caps-acronym
CIH,all-caps-acronym
CII,all-caps-acronym
CISS,all-caps-acronym
CIU,all-caps-acronym
CLA,all-caps-acronym
CLARO,all-caps-acronym
CLC,all-caps-acronym
CLI,all-caps-acronym
CLL,all-caps-acronym
cm2,alphanumeric-shorthand
cm3,alphanumeric-shorthand
CMA,all-caps-acronym
CMAP,all-caps-acronym
CMD,all-caps-acronym
CME,all-caps-acronym
CMF,all-caps-acronym
CMHC,all-caps-acronym
CMI,all-caps-acronym
CML,all-caps-acronym
CMN,all-caps-acronym
CMP,all-caps-acronym
CMR,all-caps-acronym
CMT,all-caps-acronym
CMV,all-caps-acronym
CNA,all-caps-acronym
CNIB,all-caps-acronym
CNM,all-caps-acronym
c.n.s.,dotted-abbreviation
CNS,all-caps-acronym
CNTF,all-caps-acronym
CNV,all-caps-acronym
CO2,alphanumeric-shorthand
COBE,all-caps-acronym
COBS,all-caps-acronym
COC,all-caps-acronym
Coct.,dotted-abbreviation
Colat.,dotted-abbreviation
Colet.,dotted-abbreviation
Collut.,dotted-abbreviation
Collyr.,dotted-abbreviation
Comp.,dotted-abbreviation
COMT,all-caps-acronym
Concis.,dotted-abbreviation
cong.,dotted-abbreviation
Cons.,dotted-abbreviation
Cont.,dotted-abbreviation
cool.click,dotted-abbreviation
COP,all-caps-acronym
COPD,all-caps-acronym
COPP,all-caps-acronym
Coq.,dotted-abbreviation
COVADERM,all-caps-acronym
CPAP,all-caps-acronym
CPC,all-caps-acronym
CPD,all-caps-acronym
CPDA,all-caps-acronym
CPDD,all-caps-acronym
CPH,all-caps-acronym
CPHV,all-caps-acronym
CPMC,all-caps-acronym
CPPD,all-caps-acronym
CPR,all-caps-acronym
CPS,all-caps-acronym
CPSI,all-caps-acronym
CPSII,all-caps-acronym
CPT,all-caps-acronym
CPX,all-caps-acronym
C-QUR,all-caps-acronym
CR3,alphanumeric-shorthand
Crast.,dotted-abbreviation
C.R.Bard,dotted-abbreviation
CREG,all-caps-acronym
CRH,all-caps-acronym
CRL,all-caps-acronym
CRM,all-caps-acronym
CRP,all-caps-acronym
CRPS,all-caps-acronym
CRS,all-caps-acronym
CRST,all-caps-acronym
CSAA,all-caps-acronym
CSC,all-caps-acronym
CSGBI,all-caps-acronym
CSM,all-caps-acronym
CST,all-caps-acronym
C.T.,dotted-abbreviation
CTA,all-caps-acronym
CTBA,all-caps-acronym
CTD,all-caps-acronym
CTI,all-caps-acronym
CTL,all-caps-acronym
CTLM,all-caps-acronym
CTP,all-caps-acronym
CTZ,all-caps-acronym
Cuj.,dotted-abbreviation
CURAFOAM,all-caps-acronym
CURITY,all-caps-acronym
C.V.,dotted-abbreviation
CVB,all-caps-acronym
CVC,all-caps-acronym
CVID,all-caps-acronym
CVP,all-caps-acronym
CVS,all-caps-acronym
CXR,all-caps-acronym
Cyath.,dotted-abbreviation
CYC,all-caps-acronym
CYP,all-caps-acronym
D37,alphanumeric-shorthand
d.a.,dotted-abbreviation
DAC,all-caps-acronym
DACT,all-caps-acronym
DAD,all-caps-acronym
DADDS,all-caps-acronym
DANS,all-caps-acronym
dartos[NA],formula-or-bracket-notation
DASCOR,all-caps-acronym
DBA,all-caps-acronym
DBI,all-caps-acronym
DBM,all-caps-acronym
DCA,all-caps-acronym
DCCR,all-caps-acronym
DCD,all-caps-acronym
DCF,all-caps-acronym
DCH,all-caps-acronym
DCI,all-caps-acronym
DCIS,all-caps-acronym
DCOG,all-caps-acronym
d.d.,dotted-abbreviation
DDDR,all-caps-acronym
DDI,all-caps-acronym
DDP,all-caps-acronym
DDS,all-caps-acronym
DDT,all-caps-acronym
Deb.,dotted-abbreviation
Dec.,dotted-abbreviation
Decub.,dotted-abbreviation
DEF,all-caps-acronym
Deglut.,dotted-abbreviation
DENSPM,all-caps-acronym
Dep.,dotted-abbreviation
destil.,dotted-abbreviation
Det.,dotted-abbreviation
DEV,all-caps-acronym
DEXA,all-caps-acronym
DFA,all-caps-acronym
DFDT,all-caps-acronym
DFMO,all-caps-acronym
DFP,all-caps-acronym
DHA,all-caps-acronym
d.h.e.,dotted-abbreviation
DHE,all-caps-acronym
DHF,all-caps-acronym
DHFR,all-caps-acronym
DHPG,all-caps-acronym
diagrams.,dotted-abbreviation
DIAM,all-caps-acronym
DIC,all-caps-acronym
Dieb.,dotted-abbreviation
Dig.,dotted-abbreviation
Diluc.,dotted-abbreviation
dilut.,dotted-abbreviation
dim.,dotted-abbreviation
Dir.,dotted-abbreviation
Div.,dotted-abbreviation
DL-,all-caps-acronym
DMAPN,all-caps-acronym
DMBA,all-caps-acronym
DMD,all-caps-acronym
DMERC,all-caps-acronym
DMF,all-caps-acronym
DMFO,all-caps-acronym
DMI,all-caps-acronym
DMPE,all-caps-acronym
DMRD,all-caps-acronym
DMRT,all-caps-acronym
DMT,all-caps-acronym
DNA,all-caps-acronym
DNB,all-caps-acronym
DNCB,all-caps-acronym
DNFB,all-caps-acronym
DNOC,all-caps-acronym
DOA,all-caps-acronym
DOC,all-caps-acronym
DOM,all-caps-acronym
domains.,dotted-abbreviation
DOOR,all-caps-acronym
dos.,dotted-abbreviation
DPAP,all-caps-acronym
DPH,all-caps-acronym
DPM,all-caps-acronym
DPN,all-caps-acronym
DPPE,all-caps-acronym
DRE,all-caps-acronym
DRG,all-caps-acronym
DSC,all-caps-acronym
DTA,all-caps-acronym
D.T.D.,dotted-abbreviation
DTH,all-caps-acronym
DTP,all-caps-acronym
DTPA,all-caps-acronym
DVA,all-caps-acronym
DVI,all-caps-acronym
DVM,all-caps-acronym
DVS,all-caps-acronym
DYSBOT,all-caps-acronym
Ea.,dotted-abbreviation
E-A,all-caps-acronym
EAC,all-caps-acronym
EACA,all-caps-acronym
ead.,dotted-abbreviation
EAG,all-caps-acronym
EAHF,all-caps-acronym
EAP,all-caps-acronym
EASI,all-caps-acronym
EBCT,all-caps-acronym
EBL,all-caps-acronym
EBT,all-caps-acronym
ECA,all-caps-acronym
E.CAM,dotted-abbreviation
ECAT,all-caps-acronym
ECCO,all-caps-acronym
ECF,all-caps-acronym
ECHO,all-caps-acronym
ECI,all-caps-acronym
ECM,all-caps-acronym
ECMO,all-caps-acronym
ECS,all-caps-acronym
ED50,alphanumeric-shorthand
EDAP,all-caps-acronym
EDR,all-caps-acronym
EDRF,all-caps-acronym
EDV,all-caps-acronym
EEC,all-caps-acronym
EECP,all-caps-acronym
EEE,all-caps-acronym
EEG,all-caps-acronym
EEMRI,all-caps-acronym
EENT,all-caps-acronym
EERP,all-caps-acronym
e.e.s.,dotted-abbreviation
EES,all-caps-acronym
EFA,all-caps-acronym
EGFR,all-caps-acronym
EGS,all-caps-acronym
EGTA,all-caps-acronym
EHBF,all-caps-acronym
EHC,all-caps-acronym
EHDP,all-caps-acronym
EIT,all-caps-acronym
EKG,all-caps-acronym
EKY,all-caps-acronym
ELA,all-caps-acronym
ELAD,all-caps-acronym
EMC,all-caps-acronym
EMF,all-caps-acronym
EMG,all-caps-acronym
EMI,all-caps-acronym
EMIT,all-caps-acronym
EMS,all-caps-acronym
EMSAM,all-caps-acronym
EMT,all-caps-acronym
ENG,all-caps-acronym
ENO,all-caps-acronym
ENSI,all-caps-acronym
EOG,all-caps-acronym
EPP,all-caps-acronym
EPR,all-caps-acronym
EPSP,all-caps-acronym
e.p.t,dotted-abbreviation
ERBF,all-caps-acronym
ERG,all-caps-acronym
ERP,all-caps-acronym
ERT,all-caps-acronym
ERTD,all-caps-acronym
ERV,all-caps-acronym
E.S.F.,dotted-abbreviation
ESKA,all-caps-acronym
ESP,all-caps-acronym
EST,all-caps-acronym
e.s.u.,dotted-abbreviation
ESV,all-caps-acronym
ESWT,all-caps-acronym
ETEX,all-caps-acronym
ETF,all-caps-acronym
ETS,all-caps-acronym
EVH,all-caps-acronym
EVII,all-caps-acronym
EXCILON,all-caps-acronym
EXU,all-caps-acronym
EYE,all-caps-acronym
F2a,alphanumeric-shorthand
FAC,all-caps-acronym
FACD,all-caps-acronym
FACOG,all-caps-acronym
FACP,all-caps-acronym
FACR,all-caps-acronym
FACS,all-caps-acronym
FACSM,all-caps-acronym
FAD,all-caps-acronym
FADH2,alphanumeric-shorthand
FAP,all-caps-acronym
FAPHA,all-caps-acronym
FAS,all-caps-acronym
FASIAR,all-caps-acronym
FCU,all-caps-acronym
FDA,all-caps-acronym
FDC,all-caps-acronym
FDI,all-caps-acronym
FDP,all-caps-acronym
FDS,all-caps-acronym
FDT,all-caps-acronym
FENO,all-caps-acronym
FES,all-caps-acronym
FEV,all-caps-acronym
FFA,all-caps-acronym
FFT,all-caps-acronym
FGC,all-caps-acronym
F.h.,dotted-abbreviation
FIA,all-caps-acronym
FIAC,all-caps-acronym
FICD,all-caps-acronym
FICS,all-caps-acronym
FIGLU,all-caps-acronym
FIGO,all-caps-acronym
FITC,all-caps-acronym
F.l.a.,dotted-abbreviation
FLA,all-caps-acronym
FLEXZAN,all-caps-acronym
FLP,all-caps-acronym
FLT,all-caps-acronym
F.M.,dotted-abbreviation
FMN,all-caps-acronym
FMNH2,alphanumeric-shorthand
FMP,all-caps-acronym
FNA,all-caps-acronym
FNH,all-caps-acronym
FNTC,all-caps-acronym
F.p.,dotted-abbreviation
FPIA,all-caps-acronym
F.pil.,dotted-abbreviation
FRC,all-caps-acronym
FRCP,all-caps-acronym
FRCPE,all-caps-acronym
FRCPI,all-caps-acronym
FRCS,all-caps-acronym
FRCSE,all-caps-acronym
FRCSI,all-caps-acronym
FRCVS,all-caps-acronym
FRFPSG,all-caps-acronym
FRS,all-caps-acronym
"fructose-1,6-diphosphate",formula-or-bracket-notation
F.s.a.,dotted-abbreviation
FSD,all-caps-acronym
Ft.,dotted-abbreviation
FUDR,all-caps-acronym
FWB,all-caps-acronym
G6PD,alphanumeric-shorthand
GABA,all-caps-acronym
GAG,all-caps-acronym
GALT,all-caps-acronym
GAPD,all-caps-acronym
GBG,all-caps-acronym
GBL,all-caps-acronym
GBM,all-caps-acronym
GCP,all-caps-acronym
G.D,dotted-abbreviation
GDC,all-caps-acronym
GDP,all-caps-acronym
GERD,all-caps-acronym
GFAP,all-caps-acronym
GFX,all-caps-acronym
g.g.,dotted-abbreviation
G.G.G.,dotted-abbreviation
GIO,all-caps-acronym
GIP,all-caps-acronym
GIX,all-caps-acronym
GLC,all-caps-acronym
GLI,all-caps-acronym
GM1,alphanumeric-shorthand
GM2,alphanumeric-shorthand
GMC,all-caps-acronym
GMK,all-caps-acronym
GMP,all-caps-acronym
GNC,all-caps-acronym
GOT,all-caps-acronym
GPI,all-caps-acronym
GRH,all-caps-acronym
GSC,all-caps-acronym
GSH,all-caps-acronym
GSSG,all-caps-acronym
GTH,all-caps-acronym
GTN,all-caps-acronym
GTO,all-caps-acronym
GTP,all-caps-acronym
GTR,all-caps-acronym
GVH,all-caps-acronym
GWR,all-caps-acronym
GXT,all-caps-acronym
H2O,alphanumeric-shorthand
HAA,all-caps-acronym
HAART,all-caps-acronym
HAI,all-caps-acronym
HANC,all-caps-acronym
HANE,all-caps-acronym
HARD,all-caps-acronym
HAT,all-caps-acronym
Haust.,dotted-abbreviation
HAV,all-caps-acronym
HBE,all-caps-acronym
HBIG,all-caps-acronym
HbO2,alphanumeric-shorthand
HBP,all-caps-acronym
HBV,all-caps-acronym
HCFA,all-caps-acronym
HCI,all-caps-acronym
HCM,all-caps-acronym
hco3,alphanumeric-shorthand
HCP,all-caps-acronym
HCV,all-caps-acronym
H.d.,dotted-abbreviation
HDCV,all-caps-acronym
HDE,all-caps-acronym
HDI,all-caps-acronym
HDL1,alphanumeric-shorthand
HDL2,alphanumeric-shorthand
HDL3,alphanumeric-shorthand
HDN,all-caps-acronym
HDVD,all-caps-acronym
Hebdom.,dotted-abbreviation
HED,all-caps-acronym
HEK,all-caps-acronym
HEL,all-caps-acronym
HELLP,all-caps-acronym
HETE,all-caps-acronym
HEW,all-caps-acronym
HGF,all-caps-acronym
HGG,all-caps-acronym
HGH,all-caps-acronym
HGPRT,all-caps-acronym
HHH,all-caps-acronym
HHS,all-caps-acronym
HHT,all-caps-acronym
HIFU,all-caps-acronym
histamine1,alphanumeric-shorthand
histamine2,alphanumeric-shorthand
HITTS,all-caps-acronym
H+K+,all-caps-acronym
HKAFO,all-caps-acronym
HLHS,all-caps-acronym
HME,all-caps-acronym
HMG,all-caps-acronym
HMM,all-caps-acronym
HMN,all-caps-acronym
HMO,all-caps-acronym
HMPA,all-caps-acronym
HMPAO,all-caps-acronym
HMSN,all-caps-acronym
HMW,all-caps-acronym
HN2,alphanumeric-shorthand
HOCM,all-caps-acronym
HOP,all-caps-acronym
Hor.,dotted-abbreviation
h.p.,dotted-abbreviation
HPETE,all-caps-acronym
HPH,all-caps-acronym
HPL,all-caps-acronym
HPLC,all-caps-acronym
HPRT,all-caps-acronym
HPS,all-caps-acronym
HPV,all-caps-acronym
HRCT,all-caps-acronym
HRF,all-caps-acronym
HRIG,all-caps-acronym
HRP,all-caps-acronym
HRSA,all-caps-acronym
HRT,all-caps-acronym
HRV,all-caps-acronym
h.s.,dotted-abbreviation
HSA,all-caps-acronym
HSAN,all-caps-acronym
HSE,all-caps-acronym
HSF,all-caps-acronym
HSG,all-caps-acronym
HSM,all-caps-acronym
HSP,all-caps-acronym
HSR,all-caps-acronym
HSV,all-caps-acronym
HTA,all-caps-acronym
HTACS,all-caps-acronym
HTC,all-caps-acronym
HTML,all-caps-acronym
HUMI,all-caps-acronym
HVA,all-caps-acronym
HVC,all-caps-acronym
HVL,all-caps-acronym
IAB,all-caps-acronym
IABP,all-caps-acronym
IAC,all-caps-acronym
IAEA,all-caps-acronym
IAHA,all-caps-acronym
IAPP,all-caps-acronym
IASP,all-caps-acronym
IBD,all-caps-acronym
IBF,all-caps-acronym
IBT,all-caps-acronym
I.C.,dotted-abbreviation
ICA,all-caps-acronym
ICAM,all-caps-acronym
ICAPS,all-caps-acronym
ICD,all-caps-acronym
ICF,all-caps-acronym
ICL,all-caps-acronym
ICN,all-caps-acronym
ICP,all-caps-acronym
ICR,all-caps-acronym
ICRP,all-caps-acronym
ICRT,all-caps-acronym
ICRU,all-caps-acronym
ICSH,all-caps-acronym
ICT,all-caps-acronym
ICU,all-caps-acronym
Id.,dotted-abbreviation
id1,alphanumeric-shorthand
id2,alphanumeric-shorthand
ID50,alphanumeric-shorthand
IDD,all-caps-acronym
IDDS,all-caps-acronym
IDET,all-caps-acronym
IDL,all-caps-acronym
IDU,all-caps-acronym
IEED,all-caps-acronym
IEP,all-caps-acronym
IFN,all-caps-acronym
IGFD,all-caps-acronym
IGT,all-caps-acronym
IHD,all-caps-acronym
IHS,all-caps-acronym
II.,dotted-abbreviation
I.K.I.,dotted-abbreviation
ILC,all-caps-acronym
IMAGN,all-caps-acronym
ImD50,alphanumeric-shorthand
IMPA,all-caps-acronym
implant1,alphanumeric-shorthand
implant2,alphanumeric-shorthand
IMV,all-caps-acronym
INCERT,all-caps-acronym
INH,all-caps-acronym
INR,all-caps-acronym
InsP3,alphanumeric-shorthand
interm.,dotted-abbreviation
INVOS,all-caps-acronym
IOL,all-caps-acronym
IOMED,all-caps-acronym
IONSYS,all-caps-acronym
IOP,all-caps-acronym
IOS,all-caps-acronym
IP3,alphanumeric-shorthand
IPAA,all-caps-acronym
IPD,all-caps-acronym
IPF,all-caps-acronym
IPHC,all-caps-acronym
IPL,all-caps-acronym
IPM,all-caps-acronym
IPPB,all-caps-acronym
IPSP,all-caps-acronym
IPV,all-caps-acronym
Ir192,alphanumeric-shorthand
IRC,all-caps-acronym
IRV,all-caps-acronym
ISA,all-caps-acronym
ISCP,all-caps-acronym
ISGE,all-caps-acronym
ISKD,all-caps-acronym
ITA,all-caps-acronym
ITAP,all-caps-acronym
ITP,all-caps-acronym
IUCD,all-caps-acronym
IUD,all-caps-acronym
IUGR,all-caps-acronym
IUI,all-caps-acronym
i.v,dotted-abbreviation
IVA,all-caps-acronym
IVAC,all-caps-acronym
IVAD,all-caps-acronym
IVC,all-caps-acronym
IVD,all-caps-acronym
IVF,all-caps-acronym
IVRT,all-caps-acronym
IVS,all-caps-acronym
IVUS,all-caps-acronym
JCV,all-caps-acronym
juscul.,dotted-abbreviation
KAF,all-caps-acronym
KAFO,all-caps-acronym
K.E.A.T.,dotted-abbreviation
klb6,alphanumeric-shorthand
KOH,all-caps-acronym
KTP,all-caps-acronym
"l-3,4-dihydroxyphenylalanine",formula-or-bracket-notation
l.a,dotted-abbreviation
LACI,all-caps-acronym
LAD,all-caps-acronym
LAGB,all-caps-acronym
LAH,all-caps-acronym
LAK,all-caps-acronym
L.A.M,dotted-abbreviation
LAMB,all-caps-acronym
LAO,all-caps-acronym
LAP,all-caps-acronym
LAPDAP,all-caps-acronym
LASIK,all-caps-acronym
Lat.,dotted-abbreviation
LATS,all-caps-acronym
latus1,alphanumeric-shorthand
latus2,alphanumeric-shorthand
LBW,all-caps-acronym
LCA,all-caps-acronym
LCAD,all-caps-acronym
LCAT,all-caps-acronym
LCIS,all-caps-acronym
L.C.L.,dotted-abbreviation
LCM,all-caps-acronym
LD50,alphanumeric-shorthand
LDA,all-caps-acronym
LDH,all-caps-acronym
LDL,all-caps-acronym
LDP,all-caps-acronym
L.D.X.,dotted-abbreviation
lead1,alphanumeric-shorthand
lead2,alphanumeric-shorthand
LEOPARD,all-caps-acronym
LFA,all-caps-acronym
LFP,all-caps-acronym
LFT,all-caps-acronym
LGN,all-caps-acronym
LHMT,all-caps-acronym
LHRH,all-caps-acronym
LIF,all-caps-acronym
lig.,dotted-abbreviation
ligg.,dotted-abbreviation
Liq.,dotted-abbreviation
LJP,all-caps-acronym
L.L.C.,dotted-abbreviation
LLD,all-caps-acronym
LLETZ,all-caps-acronym
LLL,all-caps-acronym
LLP,all-caps-acronym
LMA,all-caps-acronym
LMF,all-caps-acronym
LMP,all-caps-acronym
LMS,all-caps-acronym
LMT,all-caps-acronym
LNPF,all-caps-acronym
LOP,all-caps-acronym
Lot.,dotted-abbreviation
LPH,all-caps-acronym
LPI,all-caps-acronym
LPN,all-caps-acronym
LPS,all-caps-acronym
LPV,all-caps-acronym
LSA,all-caps-acronym
LSD,all-caps-acronym
LSF,all-caps-acronym
LSO,all-caps-acronym
LSP,all-caps-acronym
LST,all-caps-acronym
LSTAT,all-caps-acronym
LSX,all-caps-acronym
LTB4,alphanumeric-shorthand
LTC4,alphanumeric-shorthand
LTF,all-caps-acronym
LTK,all-caps-acronym
LTR,all-caps-acronym
LTX,all-caps-acronym
LUA,all-caps-acronym
LUL,all-caps-acronym
LVAD,all-caps-acronym
LVAS,all-caps-acronym
LVD,all-caps-acronym
LVEDP,all-caps-acronym
LVEDV,all-caps-acronym
LVEF,all-caps-acronym
LVET,all-caps-acronym
LVH,all-caps-acronym
LVN,all-caps-acronym
LVR,all-caps-acronym
LXR,all-caps-acronym
Mac.,dotted-abbreviation
MADD,all-caps-acronym
MAF,all-caps-acronym
Man.,dotted-abbreviation
MAO,all-caps-acronym
MAOI,all-caps-acronym
MAP,all-caps-acronym
M.A.R.C,dotted-abbreviation
MASCT,all-caps-acronym
MAST,all-caps-acronym
MAT,all-caps-acronym
m.b.,dotted-abbreviation
MBP,all-caps-acronym
MCA,all-caps-acronym
MCAD,all-caps-acronym
MCAS,all-caps-acronym
MCD,all-caps-acronym
MCF,all-caps-acronym
MCHB,all-caps-acronym
MCMI,all-caps-acronym
MCT,all-caps-acronym
M.D.,dotted-abbreviation
MDA,all-caps-acronym
MDC,all-caps-acronym
MDI,all-caps-acronym
MDM,all-caps-acronym
MDP,all-caps-acronym
MDT,all-caps-acronym
MDX,all-caps-acronym
MEDLARS,all-caps-acronym
MEDLINE,all-caps-acronym
MEG,all-caps-acronym
MELAS,all-caps-acronym
MEN,all-caps-acronym
MEQ,all-caps-acronym
MER,all-caps-acronym
MERRF,all-caps-acronym
MGH,all-caps-acronym
MGI,all-caps-acronym
MGN,all-caps-acronym
MHA,all-caps-acronym
MHC,all-caps-acronym
MHD,all-caps-acronym
MHSC,all-caps-acronym
MIBG,all-caps-acronym
micrometer1,alphanumeric-shorthand
micrometer2,alphanumeric-shorthand
MID,all-caps-acronym
MIF,all-caps-acronym
min.,dotted-abbreviation
MIO,all-caps-acronym
mist.,dotted-abbreviation
Mit.,dotted-abbreviation
MKM,all-caps-acronym
MKS,all-caps-acronym
MLA,all-caps-acronym
MLBW,all-caps-acronym
MLC,all-caps-acronym
MLD,all-caps-acronym
MLF,all-caps-acronym
MLNS,all-caps-acronym
MLO,all-caps-acronym
MLP,all-caps-acronym
MLR,all-caps-acronym
MLT,all-caps-acronym
MMAIT,all-caps-acronym
MMC,all-caps-acronym
MMF,all-caps-acronym
MMIHS,all-caps-acronym
MMLC,all-caps-acronym
MMPI,all-caps-acronym
MMR,all-caps-acronym
MMSE,all-caps-acronym
MNTX,all-caps-acronym
Mod.,dotted-abbreviation
MODY,all-caps-acronym
molar1,alphanumeric-shorthand
molar2,alphanumeric-shorthand
mole1,alphanumeric-shorthand
mole2,alphanumeric-shorthand
mole3,alphanumeric-shorthand
MOPP,all-caps-acronym
Mor.,dotted-abbreviation
MORC,all-caps-acronym
MOTT,all-caps-acronym
MOXCON,all-caps-acronym
MPA,all-caps-acronym
MPD,all-caps-acronym
MPH,all-caps-acronym
MPI,all-caps-acronym
MPIF,all-caps-acronym
MPM,all-caps-acronym
MPO,all-caps-acronym
MPR,all-caps-acronym
MPRAG,all-caps-acronym
MPRAGE,all-caps-acronym
MPS,all-caps-acronym
MPT,all-caps-acronym
MPTS,all-caps-acronym
MQSA,all-caps-acronym
M.R.,dotted-abbreviation
MRA,all-caps-acronym
MRACP,all-caps-acronym
MRC,all-caps-acronym
MRCP,all-caps-acronym
MRCPE,all-caps-acronym
MRCPI,all-caps-acronym
MRCS,all-caps-acronym
MRCSE,all-caps-acronym
MRCSI,all-caps-acronym
MRCVS,all-caps-acronym
MRD,all-caps-acronym
MRDM,all-caps-acronym
MRL,all-caps-acronym
MRN,all-caps-acronym
MRSA,all-caps-acronym
MRX,all-caps-acronym
MSFC,all-caps-acronym
MSG,all-caps-acronym
MSH,all-caps-acronym
MSL,all-caps-acronym
MTX,all-caps-acronym
m.u.,dotted-abbreviation
MUAP,all-caps-acronym
Muc.,dotted-abbreviation
MUGA,all-caps-acronym
MULTIPAD,all-caps-acronym
MUP,all-caps-acronym
MUSCLES,all-caps-acronym
MUSTT,all-caps-acronym
MVA,all-caps-acronym
MVP,all-caps-acronym
NAD+,all-caps-acronym
NADH,all-caps-acronym
NADP,all-caps-acronym
NAD(P)+,all-caps-acronym
NADP+,all-caps-acronym
NADPH,all-caps-acronym
NAEP,all-caps-acronym
NAG,all-caps-acronym
NAME,all-caps-acronym
NAN,all-caps-acronym
NANB,all-caps-acronym
NAP,all-caps-acronym
NAPNES,all-caps-acronym
NAS,all-caps-acronym
NASCET,all-caps-acronym
NBS,all-caps-acronym
NBT,all-caps-acronym
NBTE,all-caps-acronym
NCCN,all-caps-acronym
NCD,all-caps-acronym
NCEP,all-caps-acronym
NCF,all-caps-acronym
NCHS,all-caps-acronym
NCI,all-caps-acronym
NCMH,all-caps-acronym
NCN,all-caps-acronym
NCP,all-caps-acronym
NCRP,all-caps-acronym
NCV,all-caps-acronym
NDA,all-caps-acronym
NDU,all-caps-acronym
NDV,all-caps-acronym
NED,all-caps-acronym
NEET,all-caps-acronym
NEFA,all-caps-acronym
NEI,all-caps-acronym
NERVES,all-caps-acronym
NERVOUS,all-caps-acronym
NESP,all-caps-acronym
NFLPN,all-caps-acronym
NGD,all-caps-acronym
NGF,all-caps-acronym
NH2,alphanumeric-shorthand
NHC,all-caps-acronym
NHLBI,all-caps-acronym
NHMRC,all-caps-acronym
NHS,all-caps-acronym
NIA,all-caps-acronym
NIAAA,all-caps-acronym
NIAID,all-caps-acronym
NIAMSD,all-caps-acronym
NICHHD,all-caps-acronym
NIDA,all-caps-acronym
NIDD,all-caps-acronym
NIDDK,all-caps-acronym
NIDR,all-caps-acronym
NIGMS,all-caps-acronym
NIH,all-caps-acronym
NIHL,all-caps-acronym
NIMH,all-caps-acronym
NINCDS,all-caps-acronym
NINR,all-caps-acronym
NIOSH,all-caps-acronym
NLN,all-caps-acronym
Nm.,dotted-abbreviation
NMA,all-caps-acronym
NMD,all-caps-acronym
NMDA,all-caps-acronym
NMN,all-caps-acronym
NMR,all-caps-acronym
NMRI,all-caps-acronym
NMS,all-caps-acronym
nn.,dotted-abbreviation
NND,all-caps-acronym
NNRTI,all-caps-acronym
No.,dotted-abbreviation
NOGA,all-caps-acronym
NOMOS,all-caps-acronym
NOPHN,all-caps-acronym
NPA,all-caps-acronym
NPH,all-caps-acronym
NPN,all-caps-acronym
n.p.o.,dotted-abbreviation
NPWT,all-caps-acronym
NRC,all-caps-acronym
NREM,all-caps-acronym
NSAIA,all-caps-acronym
NSAID,all-caps-acronym
NSCLC,all-caps-acronym
NSG,all-caps-acronym
NSNA,all-caps-acronym
NSR,all-caps-acronym
NST,all-caps-acronym
NTG,all-caps-acronym
NTHI,all-caps-acronym
NTP,all-caps-acronym
NTZ,all-caps-acronym
NUG,all-caps-acronym
NUVO,all-caps-acronym
NVQ,all-caps-acronym
NYC,all-caps-acronym
NYD,all-caps-acronym
NYHA,all-caps-acronym
OA1,alphanumeric-shorthand
OA2,alphanumeric-shorthand
OAC,all-caps-acronym
OAF,all-caps-acronym
OAP,all-caps-acronym
OAT,all-caps-acronym
OAV,all-caps-acronym
OBL,all-caps-acronym
OCA,all-caps-acronym
OCC,all-caps-acronym
OCT,all-caps-acronym
O.D.,dotted-abbreviation
ODA,all-caps-acronym
ODC,all-caps-acronym
ODD,all-caps-acronym
ODP,all-caps-acronym
ODT,all-caps-acronym
OFD,all-caps-acronym
OGPR,all-caps-acronym
OGT,all-caps-acronym
OHP,all-caps-acronym
OIA,all-caps-acronym
OIC,all-caps-acronym
OIH,all-caps-acronym
OKT3,alphanumeric-shorthand
Ol.,dotted-abbreviation
OLA,all-caps-acronym
OLC,all-caps-acronym
olea1,alphanumeric-shorthand
olea2,alphanumeric-shorthand
oliv.,dotted-abbreviation
OLP,all-caps-acronym
OLT,all-caps-acronym
o.m.,dotted-abbreviation
Om.,dotted-abbreviation
OMM,all-caps-acronym
Omn.,dotted-abbreviation
OMPA,all-caps-acronym
o.n.,dotted-abbreviation
ONPG,all-caps-acronym
op.,dotted-abbreviation
OPRT,all-caps-acronym
OPV,all-caps-acronym
O.R,dotted-abbreviation
ora1,alphanumeric-shorthand
ora2,alphanumeric-shorthand
ORGANS,all-caps-acronym
OROS,all-caps-acronym
O.S,dotted-abbreviation
os1,alphanumeric-shorthand
os2,alphanumeric-shorthand
OSA,all-caps-acronym
OSAS,all-caps-acronym
OSHA,all-caps-acronym
OST,all-caps-acronym
OTC,all-caps-acronym
OTD,all-caps-acronym
OTW,all-caps-acronym
ov.,dotted-abbreviation
OVD,all-caps-acronym
p15095,alphanumeric-shorthand
P450SCC,alphanumeric-shorthand
P(A),all-caps-acronym
pa02,alphanumeric-shorthand
PAB,all-caps-acronym
PABA,all-caps-acronym
PAC,all-caps-acronym
paCO2,alphanumeric-shorthand
PADCAB,all-caps-acronym
PAF,all-caps-acronym
PAGE,all-caps-acronym
PAH,all-caps-acronym
PAHA,all-caps-acronym
PAI,all-caps-acronym
PALS,all-caps-acronym
PAM,all-caps-acronym
PAMI,all-caps-acronym
PAN,all-caps-acronym
PAO,all-caps-acronym
PAP,all-caps-acronym
Par.,dotted-abbreviation
parametric1,alphanumeric-shorthand
parametric2,alphanumeric-shorthand
paravertebralis[NA],formula-or-bracket-notation
parv.,dotted-abbreviation
PAS,all-caps-acronym
PASG,all-caps-acronym
Past.,dotted-abbreviation
PAT,all-caps-acronym
PAWP,all-caps-acronym
PBG,all-caps-acronym
PBN,all-caps-acronym
PBZ,all-caps-acronym
P.C.,dotted-abbreviation
PCA,all-caps-acronym
PCB,all-caps-acronym
PCE,all-caps-acronym
PCG,all-caps-acronym
PCH,all-caps-acronym
PCI,all-caps-acronym
PCL,all-caps-acronym
PCO,all-caps-acronym
PCO2,alphanumeric-shorthand
PCOM,all-caps-acronym
PCP,all-caps-acronym
PCR,all-caps-acronym
PCT,all-caps-acronym
PCV,all-caps-acronym
PCWP,all-caps-acronym
P.D.,dotted-abbreviation
PDA,all-caps-acronym
PDB,all-caps-acronym
PDN,all-caps-acronym
PDN-SOLO,all-caps-acronym
PDR,all-caps-acronym
PDS,all-caps-acronym
PDX,all-caps-acronym
PEBB,all-caps-acronym
PEEP,all-caps-acronym
PEFR,all-caps-acronym
PEG,all-caps-acronym
PELA,all-caps-acronym
PEMF,all-caps-acronym
PEP,all-caps-acronym
PET,all-caps-acronym
PFO,all-caps-acronym
PFT,all-caps-acronym
PGD2,alphanumeric-shorthand
PGE2,alphanumeric-shorthand
PGG,all-caps-acronym
Ph1,alphanumeric-shorthand
PHA,all-caps-acronym
PHADE,all-caps-acronym
Pharm.D,dotted-abbreviation
PHC,all-caps-acronym
PHN,all-caps-acronym
PHPPA,all-caps-acronym
PHX,all-caps-acronym
PIC,all-caps-acronym
PICC,all-caps-acronym
PID,all-caps-acronym
PIE,all-caps-acronym
PIF,all-caps-acronym
Pil.,dotted-abbreviation
pine1,alphanumeric-shorthand
pine2,alphanumeric-shorthand
Pinn.ACL,dotted-abbreviation
PIP,all-caps-acronym
PIP2,alphanumeric-shorthand
PIPIDA,all-caps-acronym
PIT,all-caps-acronym
PJRT,all-caps-acronym
PJT,all-caps-acronym
PKU1,alphanumeric-shorthand
PLAATO,all-caps-acronym
PLED,all-caps-acronym
PLESS,all-caps-acronym
PLK,all-caps-acronym
PLLA,all-caps-acronym
PLT,all-caps-acronym
p.m.,dotted-abbreviation
PMA,all-caps-acronym
PMAC,all-caps-acronym
PMB,all-caps-acronym
PME,all-caps-acronym
PMH,all-caps-acronym
PMM,all-caps-acronym
PMMA,all-caps-acronym
PMN,all-caps-acronym
PMR,all-caps-acronym
PMSG,all-caps-acronym
PND,all-caps-acronym
PNET,all-caps-acronym
PNH,all-caps-acronym
PNS,all-caps-acronym
PNT,all-caps-acronym
p.o.,dotted-abbreviation
Po.,dotted-abbreviation
PO2,alphanumeric-shorthand
POA,all-caps-acronym
POEMS,all-caps-acronym
POLYDERM,all-caps-acronym
POLYSKIN,all-caps-acronym
POMC,all-caps-acronym
POMP,all-caps-acronym
POR,all-caps-acronym
PPCID,all-caps-acronym
PPLO,all-caps-acronym
PPR,all-caps-acronym
PQP,all-caps-acronym
pr.,dotted-abbreviation
P.R.,dotted-abbreviation
PRA,all-caps-acronym
PRAS,all-caps-acronym
PRF,all-caps-acronym
PRL,all-caps-acronym
p.r.n.,dotted-abbreviation
prop.,dotted-abbreviation
PROSURG,all-caps-acronym
PRPP,all-caps-acronym
PRS,all-caps-acronym
PRSP,all-caps-acronym
PRU,all-caps-acronym
PSA,all-caps-acronym
PSG,all-caps-acronym
PSL,all-caps-acronym
PSM,all-caps-acronym
PSP,all-caps-acronym
PSRO,all-caps-acronym
PSV,all-caps-acronym
PSVT,all-caps-acronym
PTA,all-caps-acronym
PTC,all-caps-acronym
PTCA,all-caps-acronym
PTD,all-caps-acronym
PTEN,all-caps-acronym
PTFE,all-caps-acronym
PTH,all-caps-acronym
PTM,all-caps-acronym
PTMR,all-caps-acronym
PUBS,all-caps-acronym
PUO,all-caps-acronym
pur.,dotted-abbreviation
PUVA,all-caps-acronym
PVAC,all-caps-acronym
PVC,all-caps-acronym
PVP,all-caps-acronym
PWA,all-caps-acronym
PWB,all-caps-acronym
PWM,all-caps-acronym
Q10,alphanumeric-shorthand
q2h,alphanumeric-shorthand
q.d.,dotted-abbreviation
q.h.,dotted-abbreviation
QHS,all-caps-acronym
q.i.d.,dotted-abbreviation
q.l.,dotted-abbreviation
QNS,all-caps-acronym
q.p.,dotted-abbreviation
q.q.h.,dotted-abbreviation
Qq.hor.,dotted-abbreviation
QRS,all-caps-acronym
QRST,all-caps-acronym
q.s.,dotted-abbreviation
QS2,alphanumeric-shorthand
q.suff.,dotted-abbreviation
QTA,all-caps-acronym
quadrupl.,dotted-abbreviation
q.v.,dotted-abbreviation
R1wave,alphanumeric-shorthand
R2wave,alphanumeric-shorthand
RAE,all-caps-acronym
RAMC,all-caps-acronym
RAO,all-caps-acronym
RAST,all-caps-acronym
RAV,all-caps-acronym
RAW,all-caps-acronym
RBBB,all-caps-acronym
RBE,all-caps-acronym
RBP,all-caps-acronym
RCA,all-caps-acronym
RCM,all-caps-acronym
RCMP,all-caps-acronym
RCN,all-caps-acronym
RCOG,all-caps-acronym
RCP,all-caps-acronym
RCS,all-caps-acronym
RCU,all-caps-acronym
RCVS,all-caps-acronym
RDE,all-caps-acronym
RDEB,all-caps-acronym
RDX,all-caps-acronym
READIT,all-caps-acronym
RES,all-caps-acronym
REVA,all-caps-acronym
R.F,dotted-abbreviation
RFA,all-caps-acronym
RFLP,all-caps-acronym
RFP,all-caps-acronym
RFS,all-caps-acronym
RFT,all-caps-acronym
RGEA,all-caps-acronym
RGN,all-caps-acronym
RGP,all-caps-acronym
RIC,all-caps-acronym
RID,all-caps-acronym
RIF,all-caps-acronym
RIND,all-caps-acronym
RIPHH,all-caps-acronym
RIST,all-caps-acronym
RIT,all-caps-acronym
RKY,all-caps-acronym
RLF,all-caps-acronym
RLL,all-caps-acronym
RLP,all-caps-acronym
RMA,all-caps-acronym
RML,all-caps-acronym
RMLO,all-caps-acronym
RMP,all-caps-acronym
RMT,all-caps-acronym
RNA,all-caps-acronym
RNP,all-caps-acronym
ROA,all-caps-acronym
ROCAP,all-caps-acronym
RODA,all-caps-acronym
ROER,all-caps-acronym
ROP,all-caps-acronym
ROT,all-caps-acronym
RPF,all-caps-acronym
RPI,all-caps-acronym
RPR,all-caps-acronym
RPS,all-caps-acronym
RRA,all-caps-acronym
RRV,all-caps-acronym
RSA,all-caps-acronym
RSCN,all-caps-acronym
RSD,all-caps-acronym
RSM,all-caps-acronym
RSNA,all-caps-acronym
RSP,all-caps-acronym
RSR,all-caps-acronym
RSS,all-caps-acronym
RST,all-caps-acronym
RSTMH,all-caps-acronym
RTF,all-caps-acronym
RTX,all-caps-acronym
RUL,all-caps-acronym
RUQ,all-caps-acronym
RVA,all-caps-acronym
RVAD,all-caps-acronym
RVH,all-caps-acronym
R.W,dotted-abbreviation
RWE,all-caps-acronym
S.A.,dotted-abbreviation
SAA,all-caps-acronym
SAAND,all-caps-acronym
SAF,all-caps-acronym
S.A.L.,dotted-abbreviation
S.A.M.,dotted-abbreviation
S.A.V.,dotted-abbreviation
SBE,all-caps-acronym
SBO,all-caps-acronym
SCA,all-caps-acronym
SCAD,all-caps-acronym
SCAT,all-caps-acronym
SCB,all-caps-acronym
SCC,all-caps-acronym
sCD4,alphanumeric-shorthand
SCE-A,all-caps-acronym
SCID,all-caps-acronym
SCIWORA,all-caps-acronym
SCLC,all-caps-acronym
SCM,all-caps-acronym
sCR1,alphanumeric-shorthand
SCU,all-caps-acronym
SDA,all-caps-acronym
SDC,all-caps-acronym
SDE,all-caps-acronym
SDP,all-caps-acronym
SDS,all-caps-acronym
SDT,all-caps-acronym
SDZ,all-caps-acronym
SEB,all-caps-acronym
SEG,all-caps-acronym
SEP,all-caps-acronym
SEPA,all-caps-acronym
seq.,dotted-abbreviation
SERPACWA,all-caps-acronym
S.E.T.,dotted-abbreviation
SFEMG,all-caps-acronym
SFP,all-caps-acronym
SHBAN,all-caps-acronym
SIADH,all-caps-acronym
s.i.d.,dotted-abbreviation
SIDS,all-caps-acronym
Sig.,dotted-abbreviation
SII,all-caps-acronym
SIMV,all-caps-acronym
sing.,dotted-abbreviation
sinist.,dotted-abbreviation
SIRA,all-caps-acronym
SISI,all-caps-acronym
SIV,all-caps-acronym
SJM,all-caps-acronym
SKBM,all-caps-acronym
SKSD,all-caps-acronym
SLA,all-caps-acronym
SLK,all-caps-acronym
SLP,all-caps-acronym
SLS,all-caps-acronym
SLT,all-caps-acronym
SMA,all-caps-acronym
SMAF,all-caps-acronym
S.M.A.R.T,dotted-abbreviation
SMC,all-caps-acronym
SMF,all-caps-acronym
SMON,all-caps-acronym
SMR,all-caps-acronym
S.N.,dotted-abbreviation
SNAP,all-caps-acronym
SNM,all-caps-acronym
SNRI,all-caps-acronym
SNS,all-caps-acronym
SOAP,all-caps-acronym
SOB,all-caps-acronym
SOFSORB,all-caps-acronym
SOLVD,all-caps-acronym
SOMATOM,all-caps-acronym
SOMI,all-caps-acronym
S.O.S.,dotted-abbreviation
sp.,dotted-abbreviation
SPCA,all-caps-acronym
SPECT,all-caps-acronym
SPF,all-caps-acronym
SPGR,all-caps-acronym
spis.,dotted-abbreviation
SPORTIF,all-caps-acronym
Spt.,dotted-abbreviation
SPV,all-caps-acronym
SRBC,all-caps-acronym
SRF,all-caps-acronym
SRH,all-caps-acronym
SRN,all-caps-acronym
SRS,all-caps-acronym
ss.,dotted-abbreviation
SSD,all-caps-acronym
SSKI,all-caps-acronym
SSPE,all-caps-acronym
SSRI,all-caps-acronym
s.s.s.,dotted-abbreviation
SSS,all-caps-acronym
S.S.V.,dotted-abbreviation
St.,dotted-abbreviation
STC,all-caps-acronym
STD,all-caps-acronym
STI,all-caps-acronym
STP,all-caps-acronym
su.,dotted-abbreviation
subject1,alphanumeric-shorthand
subject2,alphanumeric-shorthand
SUDS,all-caps-acronym
SUPERA,all-caps-acronym
SURGIPAD,all-caps-acronym
SUTI,all-caps-acronym
SV40,alphanumeric-shorthand
SVC,all-caps-acronym
SVE,all-caps-acronym
SVESC,all-caps-acronym
SVG,all-caps-acronym
SVS,all-caps-acronym
SVT,all-caps-acronym
SYBIOL,all-caps-acronym
syndrome1,alphanumeric-shorthand
syndrome2,alphanumeric-shorthand
Syr.,dotted-abbreviation
TAD,all-caps-acronym
TAHBSO,all-caps-acronym
Tal.,dotted-abbreviation
TAO,all-caps-acronym
TAPET,all-caps-acronym
TAROF,all-caps-acronym
TAT,all-caps-acronym
TATA,all-caps-acronym
TBC,all-caps-acronym
TBG,all-caps-acronym
TBI,all-caps-acronym
TBII,all-caps-acronym
TBP,all-caps-acronym
TCAT,all-caps-acronym
TCD,all-caps-acronym
TCD50,alphanumeric-shorthand
TCDD,all-caps-acronym
TCID50,alphanumeric-shorthand
TCMI,all-caps-acronym
TCR,all-caps-acronym
TCS,all-caps-acronym
TD50,alphanumeric-shorthand
TDA,all-caps-acronym
TDE,all-caps-acronym
TDI,all-caps-acronym
TDMS,all-caps-acronym
t.d.s.,dotted-abbreviation
TDS,all-caps-acronym
TDTH,all-caps-acronym
TEA,all-caps-acronym
TEB,all-caps-acronym
TECAB,all-caps-acronym
TED,all-caps-acronym
TEE,all-caps-acronym
TELFAMAX,all-caps-acronym
temp.,dotted-abbreviation
TENS,all-caps-acronym
tep.,dotted-abbreviation
TESS,all-caps-acronym
test1,alphanumeric-shorthand
test2,alphanumeric-shorthand
TET,all-caps-acronym
TFAS-C,all-caps-acronym
TFC,all-caps-acronym
TFX,all-caps-acronym
TGF,all-caps-acronym
TGT,all-caps-acronym
THBO,all-caps-acronym
THC,all-caps-acronym
THE,all-caps-acronym
THF,all-caps-acronym
THL,all-caps-acronym
THORACIC,all-caps-acronym
TIA,all-caps-acronym
TIBC,all-caps-acronym
t.i.d,dotted-abbreviation
TIGR,all-caps-acronym
TIPR,all-caps-acronym
TKD,all-caps-acronym
TKG,all-caps-acronym
TLc.BiliTest,dotted-abbreviation
TLSO,all-caps-acronym
TMA,all-caps-acronym
TMI,all-caps-acronym
TMR,all-caps-acronym
TMST,all-caps-acronym
TMV,all-caps-acronym
TNF,all-caps-acronym
TNM,all-caps-acronym
TNS,all-caps-acronym
TNT,all-caps-acronym
T.N.T.,dotted-abbreviation
TNTC,all-caps-acronym
TOPV,all-caps-acronym
TORCH,all-caps-acronym
TOX,all-caps-acronym
TPA,all-caps-acronym
TPHA,all-caps-acronym
TPI,all-caps-acronym
TPN,all-caps-acronym
TPP,all-caps-acronym
TPS,all-caps-acronym
TRANSEAL,all-caps-acronym
TRC,all-caps-acronym
TRD,all-caps-acronym
TRF,all-caps-acronym
TRH,all-caps-acronym
TRIA,all-caps-acronym
TRIC,all-caps-acronym
Trid.,dotted-abbreviation
TRU,all-caps-acronym
TSA,all-caps-acronym
TSF,all-caps-acronym
TSH,all-caps-acronym
TSNA,all-caps-acronym
TSRPC,all-caps-acronym
TSTA,all-caps-acronym
TUMT,all-caps-acronym
TUOD,all-caps-acronym
TURP,all-caps-acronym
tus.,dotted-abbreviation
TVH,all-caps-acronym
TVT,all-caps-acronym
TWZ,all-caps-acronym
TXA2,alphanumeric-shorthand
TXB2,alphanumeric-shorthand
TXL,all-caps-acronym
TYPES,all-caps-acronym
TZD,all-caps-acronym
UAE,all-caps-acronym
UBI,all-caps-acronym
UBIS,all-caps-acronym
UBM,all-caps-acronym
UCAC,all-caps-acronym
UDCA,all-caps-acronym
UDP,all-caps-acronym
UFT,all-caps-acronym
ULO,all-caps-acronym
ult.,dotted-abbreviation
UMNL,all-caps-acronym
UMP,all-caps-acronym
un.,dotted-abbreviation
ung.,dotted-abbreviation
UOAC,all-caps-acronym
UPACGM,all-caps-acronym
UPJ,all-caps-acronym
URL,all-caps-acronym
UROD,all-caps-acronym
UROS,all-caps-acronym
USAN,all-caps-acronym
USCOM,all-caps-acronym
USDA,all-caps-acronym
USPHS,all-caps-acronym
USPTO,all-caps-acronym
USR,all-caps-acronym
UTP,all-caps-acronym
UVA,all-caps-acronym
UVB,all-caps-acronym
UVC,all-caps-acronym
VAC,all-caps-acronym
V.A.C.,dotted-abbreviation
VACTERL,all-caps-acronym
VAD,all-caps-acronym
VAG,all-caps-acronym
VAMP,all-caps-acronym
VAT,all-caps-acronym
VCG,all-caps-acronym
VCM,all-caps-acronym
VDD,all-caps-acronym
VDDR,all-caps-acronym
VDEL,all-caps-acronym
VDH,all-caps-acronym
VEE,all-caps-acronym
VEGF,all-caps-acronym
VEINS,all-caps-acronym
VENTEX,all-caps-acronym
VEP,all-caps-acronym
VFC,all-caps-acronym
VHD,all-caps-acronym
VHDL,all-caps-acronym
vic.,dotted-abbreviation
VIG,all-caps-acronym
VII,all-caps-acronym
VIII,all-caps-acronym
VIP,all-caps-acronym
vir.,dotted-abbreviation
vit.,dotted-abbreviation
VKC,all-caps-acronym
VLA,all-caps-acronym
VLAT,all-caps-acronym
VLBW,all-caps-acronym
VLDL,all-caps-acronym
VMA,all-caps-acronym
VMD,all-caps-acronym
VNS,all-caps-acronym
VNUS,all-caps-acronym
VOCO,all-caps-acronym
VOO,all-caps-acronym
VPB,all-caps-acronym
VPC,all-caps-acronym
VPD,all-caps-acronym
VPL,all-caps-acronym
VPRC,all-caps-acronym
VRE,all-caps-acronym
VRIXP,all-caps-acronym
vs.,dotted-abbreviation
VSD,all-caps-acronym
VSG,all-caps-acronym
VSV,all-caps-acronym
VTS,all-caps-acronym
VTU,all-caps-acronym
VTX,all-caps-acronym
VUR,all-caps-acronym
vv.,dotted-abbreviation
VVI,all-caps-acronym
VVT,all-caps-acronym
WAGR,all-caps-acronym
WAIS,all-caps-acronym
WDE,all-caps-acronym
WDHA,all-caps-acronym
WDHH,all-caps-acronym
WEE,all-caps-acronym
WHHL,all-caps-acronym
WHO,all-caps-acronym
WISC,all-caps-acronym
WMA,all-caps-acronym
WPW,all-caps-acronym
XCB,all-caps-acronym
XIFLEXTM,all-caps-acronym
XII,all-caps-acronym
XIII,all-caps-acronym
XMP,all-caps-acronym
XOAN,all-caps-acronym
XTD,all-caps-acronym
XTRAC,all-caps-acronym
XXL,all-caps-acronym
XXY,all-caps-acronym
ZDV,all-caps-acronym
ZPLATE,all-caps-acronym
ZSR,all-caps-acronym
ZUMI,all-caps-acronym
